year,A0_all,A0_fixed_all,A0_all_50k,vmt_per_capita,GDP ($billion),Congestion Costs ($million),Congestion to GDP
1950,0.33013176154211300,0.4597553743579420,0.33013176154211300,3028.208052139270,280.828,,
1960,0.3930801268640830,0.6571621206854480,0.3930801268640830,4008.193586802150,542.648,,
1970,0.554684529055856,0.769749486582881,0.554684529055856,5460.919650946080,1051.200,,
1980,0.699624193844992,0.9302551539667200,0.699624193844992,6741.660919300620,2789.842,16596,0.005949
1990,0.8870079480753250,0.989538094894653,0.8870079480753250,8621.941598595080,5872.701,26172,0.004457
2000,0.6715023382168920,0.9491363416037530,0.6715023382168920,9823.272250881560,10002.179,82111,0.008209
2010,0.6133171587010380,0.9930962425994920,0.6133171587010380,9668.462014022690,14764.610,144280,0.009772
2020,0.48924286437533800,0.8026409962052570,0.614790738623564,9515.654975881510,21751.238,208503,0.009586